group,comm_name_orig,sci_name_orig,level,sci_name
Crustaceans,Barnacle,Cirripedia,group,Cirripedia
Crustaceans,"Crab, box",Lopholithodes foraminatus,species,Lopholithodes foraminatus
Crustaceans,"Crab, brown rock",Cancer antennarius,species,Cancer antennarius
Crustaceans,"Crab, claws",Cancer spp.,group,Cancer spp.
Crustaceans,"Crab, Dungeness",Cancer magister,species,Metacarcinus magister
Crustaceans,"Crab, king",Paralithodes spp.,group,Paralithodes spp.
Crustaceans,"Crab, pelagic red",Pleuroncodes planipes,species,Pleuroncodes planipes
Crustaceans,"Crab, red rock",Cancer productus,species,Cancer productus
Crustaceans,"Crab, rock unspecified",Cancer spp.,group,Cancer spp.
Crustaceans,"Crab, sand",Emerita analoga,species,Emerita analoga
Crustaceans,"Crab, shore",Pachygrapsus crassipes,species,Pachygrapsus crassipes
Crustaceans,"Crab, spider",Loxorhynchus spp.,group,Loxorhynchus spp.
Crustaceans,"Crab, tanner",Chionoecetes tanneri,species,Chionoecetes tanneri
Crustaceans,"Crab, yellow rock",Cancer anthonyi,species,Cancer anthonyi
Crustaceans,"Crustacean, unspecified",Crustacea,group,Crustacea
Crustaceans,"Lobster, California spiny",Panulirus interruptus,species,Panulirus interruptus
Crustaceans,"Prawn, golden",Penaeus californiensis,species,Farfantepenaeus californiensis
Crustaceans,"Prawn, ridgeback",Eusicyonia ingentus,species,Sicyonia ingentis
Crustaceans,"Prawn, spot",Pandalus platyceros,species,Pandalus platyceros
Crustaceans,"Shrimp, bay",Crangonidae,group,Crangonidae
Crustaceans,"Shrimp, brine",Artemia salina,species,Artemia salina
Crustaceans,"Shrimp, coonstriped",Pandalus danae,species,Pandalus danae
Crustaceans,"Shrimp, ghost",Callianassa californiensis,species,Neotrypaea californiensis
Crustaceans,"Shrimp, mantis",Hemisquilla ensigera californiensis,species,Hemisquilla ensigera
Crustaceans,"Shrimp, Pacific Ocean",Pandalus jordani,species,Pandalus jordani
Crustaceans,"Shrimp, red rock",Lysmata californica,species,Lysmata californica
Crustaceans,"Shrimp, unspecified",Crustacea,group,Crustacea
Echinoderms,"Echinoderm, unspecified",Echinodermata,group,Echinodermata
Echinoderms,Sand dollar,Dendraster excentricus,species,Dendraster excentricus
Echinoderms,"Sea cucumber, unspecified",Holothuroidea,group,Holothuroidea
Echinoderms,Sea stars,Asteroidea,group,Asteroidea
Echinoderms,"Urchin, purple sea",Strongylocentrotus purpuratus,species,Strongylocentrotus purpuratus
Echinoderms,"Urchin, red",Strongylocentrotus franciscanus,species,Mesocentrotus franciscanus
Echinoderms,"Urchin, white",Lytechinus anamesus,species,Lytechinus anamesus
Fishes,"Anchovy, deepbody",Anchoa compressa,species,Anchoa compressa
Fishes,"Anchovy, northern",Engraulis mordax,species,Engraulis mordax
Fishes,"Barracuda, California",Sphyraena argentea,species,Sphyraena argentea
Fishes,"Bass, barred sand",Paralabrax nebulifer,species,Paralabrax nebulifer
Fishes,"Bass, giant sea",Stereolepis gigas,species,Stereolepis gigas
Fishes,"Bass, kelp",Paralabrax clathratus,species,Paralabrax clathratus
Fishes,"Bass, rock",Paralabrax spp.,group,Paralabrax spp.
Fishes,"Bass, spotted sand",Paralabrax maculatofasciatus,species,Paralabrax maculatofasciatus
Fishes,Blacksmith,Chromis punctipinnis,species,Chromis punctipinnis
Fishes,"Bonito, Pacific",Sarda chiliensis,species,Sarda chiliensis
Fishes,Butterfish (Pacific pompano),Peprilus simillimus,species,Peprilus simillimus
Fishes,Cabezon,Scorpaenichthys marmoratus,species,Scorpaenichthys marmoratus
Fishes,"Cabrilla, spotted",Epinephelus analogus,species,Epinephelus analogus
Fishes,"Cod, Pacific",Gadus macrocephalus,species,Gadus macrocephalus
Fishes,"Corbina, California",Menticirrhus undulatus,species,Menticirrhus undulatus
Fishes,"Corvina, shortfin",Cynoscion parvipinnis,species,Cynoscion parvipinnis
Fishes,"Croaker, black",Cheilotrema saturnum,species,Cheilotrema saturnum
Fishes,"Croaker, unspecifed",Sciaenidae,group,Sciaenidae
Fishes,"Croaker, white",Genyonemus lineatus,species,Genyonemus lineatus
Fishes,"Croaker, yellowfin",Umbrina roncador,species,Umbrina roncador
Fishes,Dolphin (fish),Coryphaena hippurus,species,Coryphaena hippurus
Fishes,Eel,Osteichthyes,group,Osteichthyes
Fishes,"Eel, California moray",Gymnothorax mordax,species,Gymnothorax mordax
Fishes,"Eel, spotted cusk-",Chilara taylori,species,Chilara taylori
Fishes,"Eel, wolf (wolf-eel)",Anarrhichthys ocellatus,species,Anarrhichthys ocellatus
Fishes,Escolar,Lepidocybium flavobrunneum,species,Lepidocybium flavobrunneum
Fishes,Eulachon,Thaleichthys pacificus,species,Thaleichthys pacificus
Fishes,"Fish, unspecified",Osteichthyes,group,Osteichthyes
Fishes,"Flounder, arrowtooth",Atheresthes stomias,species,Atheresthes stomias
Fishes,"Flounder, starry",Platichthys stellatus,species,Platichthys stellatus
Fishes,"Flounder, unspecified",Pleuronectidae,group,Pleuronectidae
Fishes,Flyingfish,Exocoetidae spp.,group,Exocoetidae spp.
Fishes,Garibaldi,Hypsypops rubicundus,species,Hypsypops rubicundus
Fishes,"Goby, bluebanded",Lythrypnus dalli,species,Lythrypnus dalli
Fishes,"Goby, yellowfin",Acanthogobius flavimanus,species,Acanthogobius flavimanus
Fishes,"Greenling, kelp",Hexagrammos decagrammus,species,Hexagrammos decagrammus
Fishes,Grenadiers,Macrouridae,group,Macrouridae
Fishes,Grouper,Mycteroperca / Epinephelus,group,Mycteroperca / Epinephelus
Fishes,"Grouper, broomtail",Mycteroperca xenarcha,species,Mycteroperca xenarcha
Fishes,"Grunion, California",Leuresthes tenuis,species,Leuresthes tenuis
Fishes,"Guitarfish, shovelnose",Rhinobatos productus,species,Pseudobatos productus
Fishes,Hagfish,Eptatretus spp.,group,Eptatretus spp.
Fishes,Halfmoon,Medialuna californiensis,species,Medialuna californiensis
Fishes,"Halibut, California",Paralichthys californicus,species,Paralichthys californicus
Fishes,"Halibut, Pacific",Hippoglossus stenolepis,species,Hippoglossus stenolepis
Fishes,"Halibut, unspecified",Pleuronectiformes,group,Pleuronectiformes
Fishes,Herring roe on kelp,Clupea/algae,group,Clupea/algae
Fishes,"Herring, Pacific",Clupea pallasi,species,Clupea pallasii pallasii
Fishes,"Herring, roe",Clupea pallasi,species,Clupea pallasii pallasii
Fishes,"Herring, round",Etrumeus teres,species,Etrumeus sadina
Fishes,"Jack, Pacific crevalle",Caranx caninus,species,Caranx caninus
Fishes,"Jacks, unspecified",Carangidae,group,Carangidae
Fishes,Jacksmelt,Atherinopsis californiensis,species,Atherinopsis californiensis
Fishes,Kahawai,Annipis trutta,species,Arripis trutta
Fishes,"Kelpfish, giant",Heterostichus rostratus,species,Heterostichus rostratus
Fishes,Kelpfishes,Gibbonsia spp.,group,Gibbonsia spp.
Fishes,"Killifish, California",Fundulus parvipinnis,species,Fundulus parvipinnis
Fishes,Lingcod,Ophiodon elongatus,species,Ophiodon elongatus
Fishes,"Lizardfish, California",Synodus lucioceps,species,Synodus lucioceps
Fishes,Louvar,Luvarus imperialis,species,Luvarus imperialis
Fishes,"Mackerel, bullet",Auxis rochei,species,Auxis rochei
Fishes,"Mackerel, jack",Trachurus symmetricus,species,Trachurus symmetricus
Fishes,"Mackerel, Pacific",Scomber japonicus,species,Scomber japonicus
Fishes,"Mackerel, unspecified",Scomber / Trachurus,group,Scomber / Trachurus
Fishes,"Midshipman, plainfin",Porichthys notatus,species,Porichthys notatus
Fishes,"Mudsucker, longjaw",Gillichthys mirabilis,species,Gillichthys mirabilis
Fishes,"Mullet, striped",Mugil cephalus,species,Mugil cephalus
Fishes,"Needlefish, California",Strongylura exilis,species,Strongylura exilis
Fishes,Oilfish,Ruvettus pretiosus,species,Ruvettus pretiosus
Fishes,Opah,Lampris guttatus,species,Lampris guttatus
Fishes,Opaleye,Girella nigricans,species,Girella nigricans
Fishes,"Prickleback, monkeyface",Cebidichthys violaceus,species,Cebidichthys violaceus
Fishes,Queenfish,Seriphus politus,species,Seriphus politus
Fishes,"Ratfish, spotted",Hydrolagus colliei,species,Hydrolagus colliei
Fishes,"Ray, bat",Myliobatis californica,species,Myliobatis californica
Fishes,"Ray, Pacific electric",Torpedo californica,species,Tetronarce californica
Fishes,"Ray, unspecified",Rajiformes,group,Rajiformes
Fishes,Sablefish,Anoplopoma fimbria,species,Anoplopoma fimbria
Fishes,Salema,Xenistius californiensis,species,Haemulon californiensis
Fishes,Salmon,Oncorhynchus spp.,group,Oncorhynchus spp.
Fishes,"Salmon, Chinook",Oncorhynchus tshawytscha,species,Oncorhynchus tshawytscha
Fishes,"Salmon, chum",Oncorhynchus keta,species,Oncorhynchus keta
Fishes,"Salmon, coho",Oncorhynchus kisutch,species,Oncorhynchus kisutch
Fishes,"Salmon, pink",Oncorhynchus gorbuscha,species,Oncorhynchus gorbuscha
Fishes,"Salmon, roe (Chinook and coho)",Oncorhynchus spp.,group,Oncorhynchus spp.
Fishes,Sanddab,Citharichthys spp.,group,Citharichthys spp.
Fishes,"Sanddab, longfin",Citharichthys xanthostigma,species,Citharichthys xanthostigma
Fishes,"Sanddab, Pacific",Citharichthys sordidus,species,Citharichthys sordidus
Fishes,"Sanddab, speckled",Citharichthys stigmaeus,species,Citharichthys stigmaeus
Fishes,"Sardine, juvenile",Sardinops sagax caeruleus,species,Sardinops sagax
Fishes,"Sardine, Pacific",Sardinops sagax caeruleus,species,Sardinops sagax
Fishes,Sargo,Anisotremus davidsonii,species,Anisotremus davidsonii
Fishes,"Saury, Pacific",Cololabis saira,species,Cololabis saira
Fishes,"Scorpionfish, California",Scorpaena guttata,species,Scorpaena guttata
Fishes,"Sculpin, staghorn",Leptocottus armatus,species,Leptocottus armatus
Fishes,"Sculpin, yellowchin",Icelinus quadriseriatus,species,Icelinus quadriseriatus
Fishes,"Seabass, white",Atractoscion nobilis,species,Atractoscion nobilis
Fishes,Senorita,Oxyjulis californica,species,Oxyjulis californica
Fishes,"Shad, American",Alosa sapidissima,species,Alosa sapidissima
Fishes,"Shad, threadfin",Dorosoma petenense,species,Dorosoma petenense
Fishes,"Shark, basking",Cetorhinus maximus,species,Cetorhinus maximus
Fishes,"Shark, bigeye thresher",Alopias superciliosus,species,Alopias superciliosus
Fishes,"Shark, blacktip",Carcharhinus limbatus,species,Carcharhinus limbatus
Fishes,"Shark, blue",Prionace glauca,species,Prionace glauca
Fishes,"Shark, brown smoothhound",Mustelus henlei,species,Mustelus henlei
Fishes,"Shark, dusky",Carcharhinus obscurus,species,Carcharhinus obscurus
Fishes,"Shark, gray smoothhound",Mustelus californicus,species,Mustelus californicus
Fishes,"Shark, horn",Heterodontus francisci,species,Heterodontus francisci
Fishes,"Shark, leopard",Triakis semifasciata,species,Triakis semifasciata
Fishes,"Shark, Pacific angel",Squatina californica,species,Squatina californica
Fishes,"Shark, pelagic thresher",Alopias pelagicus,species,Alopias pelagicus
Fishes,"Shark, salmon",Lamna ditropis,species,Lamna ditropis
Fishes,"Shark, sevengill",Notorynchus cepedianus,species,Notorynchus cepedianus
Fishes,"Shark, shortfin mako",Isurus oxyrinchus,species,Isurus oxyrinchus
Fishes,"Shark, sixgill",Hexanchus griseus,species,Hexanchus griseus
Fishes,"Shark, smooth hammerhead",Sphyrna zygaena,species,Sphyrna zygaena
Fishes,"Shark, soupfin",Galeorhinus galeus,species,Galeorhinus galeus
Fishes,"Shark, spiny dogfish",Squalus acanthias,species,Squalus acanthias
Fishes,"Shark, swell",Cephaloscyllium ventriosum,species,Cephaloscyllium ventriosum
Fishes,"Shark, thresher",Alopias vulpinus,species,Alopias vulpinus
Fishes,"Shark, unspecified",Selachii spp.,group,Selachimorpha spp.
Fishes,"Shark, white",Carcharodon carcharias,species,Carcharodon carcharias
Fishes,"Sharks, cow",Hexanchidae,group,Hexanchidae
Fishes,"Sheephead, California",Semicossyphus pulcher,species,Semicossyphus pulcher
Fishes,"Sierra, Pacific",Scomberomorus sierra,species,Scomberomorus sierra
Fishes,Silversides,Atherinidae,group,Atherinidae
Fishes,"Skate, big",Raja binoculata,species,Beringraja binoculata
Fishes,"Skate, California",Raja inornata,species,Beringraja inornata
Fishes,"Skate, thornback",Platyrhinoidis triseriata,species,Platyrhinoidis triseriata
Fishes,"Skate, unspecified",Rajidae,group,Rajidae
Fishes,"Smelt, night",Spirinchus starksi,species,Spirinchus starksi
Fishes,"Smelt, surf",Hypomesus pretiosus,species,Hypomesus pretiosus
Fishes,"Smelt, whitebait",Allosmerus elongatus,species,Allosmerus elongatus
Fishes,"Smelts, true",Osmeridae,group,Osmeridae
Fishes,Snapper -Mexico-,Lutianidae,group,Lutianidae
Fishes,"Sole, bigmouth",Hippoglossina stomata,species,Hippoglossina stomata
Fishes,"Sole, butter",Pleuronectes isolepis,species,Isopsetta isolepis
Fishes,"Sole, C-O",Pleuronichthys coenosus,species,Pleuronichthys coenosus
Fishes,"Sole, Dover",Microstomus pacificus,species,Microstomus pacificus
Fishes,"Sole, English",Pleuronectes vetulus,species,Parophrys vetulus
Fishes,"Sole, fantail",Xystreurys liolepis,species,Xystreurys liolepis
Fishes,"Sole, petrale",Eopsetta jordani,species,Eopsetta jordani
Fishes,"Sole, rex",Errex zachirus,species,Glyptocephalus zachirus
Fishes,"Sole, rock",Pleuronectes bilineatus,species,Paraplagusia bilineata
Fishes,"Sole, sand",Psettichthys melanostictus,species,Psettichthys melanostictus
Fishes,"Sole, slender",Eopsetta exilis,species,Lyopsetta exilis
Fishes,"Sole, tongue",Symphurus atricauda,species,Symphurus atricaudus
Fishes,"Sole, unspecified",Pleuronectiformes,group,Pleuronectiformes
Fishes,"Stickleback, threespine",Gasterosteus aculeatus,species,Gasterosteus aculeatus
Fishes,Stingray,Dasyatidae,group,Dasyatidae
Fishes,Sturgeons,Acipenseridae,group,Acipenseridae
Fishes,"Sunfish, ocean",Mola mola,species,Mola mola
Fishes,"Surfperch, barred",Amphistichus argenteus,species,Amphistichus argenteus
Fishes,"Surfperch, black",Embiotoca jacksoni,species,Embiotoca jacksoni
Fishes,"Surfperch, calico",Amphistichus koelzi,species,Amphistichus koelzi
Fishes,"Surfperch, dwarf",Micrometrus minimus,species,Micrometrus minimus
Fishes,"Surfperch, pile",Rhacochilus vacca,species,Rhacochilus vacca
Fishes,"Surfperch, rainbow",Hypsurus caryi,species,Hypsurus caryi
Fishes,"Surfperch, redtail",Amphistichus rhodoterus,species,Amphistichus rhodoterus
Fishes,"Surfperch, rubberlip",Rhacochilus toxotes,species,Rhacochilus toxotes
Fishes,"Surfperch, shiner",Cymatogaster aggregata,species,Cymatogaster aggregata
Fishes,"Surfperch, unspecified",Embiotocidae,group,Embiotocidae
Fishes,"Surfperch, walleye",Hyperprosopon argenteum,species,Hyperprosopon argenteum
Fishes,"Surfperch, white",Phanerodon furcatus,species,Phanerodon furcatus
Fishes,Swordfish,Xiphias gladius,species,Xiphias gladius
Fishes,"Thornyhead, longspine",Sebastolobus altivelis,species,Sebastolobus altivelis
Fishes,"Thornyhead, shortspine",Sebastolobus alascanus,species,Sebastolobus alascanus
Fishes,Thornyheads,Sebastolobus spp.,group,Sebastolobus spp.
Fishes,"Tomcod, Pacific",Microgadus proximus,species,Microgadus proximus
Fishes,Topsmelt,Atherinops affinis,species,Atherinops affinis
Fishes,Trawled fish for animal food,Osteichthyes,group,Osteichthyes
Fishes,"Trawled fish, unspecified",Osteichthyes,group,Osteichthyes
Fishes,Triggerfish,Balistidae,group,Balistidae
Fishes,"Tuna, albacore",Thunnus alalunga,species,Thunnus alalunga
Fishes,"Tuna, bigeye",Thunnus obesus,species,Thunnus obesus
Fishes,"Tuna, blackfin",Thunnus atlanticus,species,Thunnus atlanticus
Fishes,"Tuna, bluefin",Thunnus thynnus,species,Thunnus thynnus
Fishes,"Tuna, longtail",Thunnus tonggol,species,Thunnus tonggol
Fishes,"Tuna, skipjack",Katsuwonus pelamis,species,Katsuwonus pelamis
Fishes,"Tuna, skipjack, black",Euthynnus lineatus,species,Euthynnus lineatus
Fishes,"Tuna, unspecified",Scombridae,group,Scombridae
Fishes,"Tuna, yellowfin",Thunnus albacares,species,Thunnus albacares
Fishes,Turbot,Pleuronectidae,group,Pleuronectidae
Fishes,"Turbot, curlfin",Pleuronichthys decurrens,species,Pleuronichthys decurrens
Fishes,"Turbot, diamond",Hypsopsetta guttulata,species,Hypsopsetta guttulata
Fishes,"Turbot, hornyhead",Pleuronichthys verticalis,species,Pleuronichthys verticalis
Fishes,Wahoo,Acanthocybium solanderi,species,Acanthocybium solandri
Fishes,"Whitefish, ocean",Caulolatilus princeps,species,Caulolatilus princeps
Fishes,"Whiting, Pacific",Merluccius productus,species,Merluccius productus
Fishes,"Wrasse, rock",Halichoeres semicinctus,species,Halichoeres semicinctus
Fishes,Yellowtail,Seriola lalandi,species,Seriola lalandi
Fishes,Zebraperch,Hermosilla azurea,species,Kyphosus azureus
Miscellaneous invertebrates,Anemones,Anthozoa,group,Anthozoa
Miscellaneous invertebrates,"Invertebrate, unspecified",NA,group,NA
Miscellaneous invertebrates,"Invertebrates, colonial",Cnidaria,group,Cnidaria
Miscellaneous invertebrates,Sea pansy,Renilla koellikeri,species,Renilla koellikeri
Miscellaneous invertebrates,"Spiders, sea",Pycnogonida,group,Pycnogonida
Miscellaneous invertebrates,Sponges,Porifera,group,Porifera
Miscellaneous invertebrates,Tunicates,Urochordata,group,Urochordata
Miscellaneous invertebrates,"Worms, marine",Polychaeta,group,Polychaeta
Mollusks,Abalone,Haliotis spp.,group,Haliotis spp.
Mollusks,"Abalone, black",Haliotis cracherodii,species,Haliotis cracherodii
Mollusks,"Abalone, flat",Haliotis walallensis,species,Haliotis walallensis
Mollusks,"Abalone, green",Haliotis fulgens,species,Haliotis fulgens
Mollusks,"Abalone, pink",Haliotis corrugata,species,Haliotis corrugata
Mollusks,"Abalone, pinto",Haliotis kamtschatkana,species,Haliotis kamtschatkana
Mollusks,"Abalone, red",Haliotis rufescens,species,Haliotis rufescens
Mollusks,"Abalone, threaded",Haliotis assimilis,species,Haliotis assimilis
Mollusks,"Abalone, white",Haliotis sorenseni,species,Haliotis sorenseni
Mollusks,"Chiton, unspecified",Polyplacophora,group,Polyplacophora
Mollusks,"Clam, California jackknife",Tagelus californianus,species,Tagelus californianus
Mollusks,"Clam, common littleneck",Protothaca staminea,species,Leukoma staminea
Mollusks,"Clam, gaper",Tresus nuttalli,species,Tresus nuttallii
Mollusks,"Clam, northern quahog",Mercenaria mercenaria,species,Mercenaria mercenaria
Mollusks,"Clam, northern razor",Siliqua patula,species,Siliqua patula
Mollusks,"Clam, purple",Nuttallia nuttallii,species,Nuttallia nuttallii
Mollusks,"Clam, rosy razor",Solen sicarius,species,Solen sicarius
Mollusks,"Clam, unspecified",Bivalvia,group,Bivalvia
Mollusks,"Limpet, unspecified",Archaeogastropoda,group,Archaeogastropoda
Mollusks,"Mollusk, unspecified",Mollusca,group,Mollusca
Mollusks,Mussel,Mytilus spp.,group,Mytilus spp.
Mollusks,"Octopus, unspecified",Octopus spp.,group,Octopus spp.
Mollusks,"Oyster, California native",Ostrea lurida,species,Ostrea lurida
Mollusks,"Oyster, eastern",Crassostrea virginica,species,Crassostrea virginica
Mollusks,"Oyster, European flat",Ostrea edulis,species,Ostrea edulis
Mollusks,"Oyster, giant Pacific",Crassostrea gigas,species,Crassostrea gigas
Mollusks,"Oyster, unspecified",Ostreidae,group,Ostreidae
Mollusks,"Scallop, rock",Crassadoma gigantea,species,Crassadoma gigantea
Mollusks,"Scallop, unspecified",Pectinidae,group,Pectinidae
Mollusks,Sea hare,Aplysia spp.,group,Aplysia spp.
Mollusks,Sea slug,Opisthobranchia,group,Opisthobranchia
Mollusks,"Snail, bubble",Bulla gouldiana,species,Bulla gouldiana
Mollusks,"Snail, sea",Gastropoda,group,Gastropoda
Mollusks,"Squid, jumbo",Doscidicus gigas,species,Dosidicus gigas
Mollusks,"Squid, market",Loligo opalescens,species,Doryteuthis opalescens
Mollusks,"Whelk, Kellet's",Kelletia kelleti,species,Kelletia kelletii
Plants,Agar,Gelidium spp.,group,Gelidium spp.
Plants,"Algae, marine",Phycophyta,group,Phycophyta
Plants,Kelp,Macrocystis spp.,group,Macrocystis spp.
Rockfishes,"Rockfish, aurora",Sebastes aurora,species,Sebastes aurora
Rockfishes,"Rockfish, bank",Sebastes rufus,species,Sebastes rufus
Rockfishes,"Rockfish, black",Sebastes melanops,species,Sebastes melanops
Rockfishes,"Rockfish, black-and-yellow",Sebastes chrysomelas,species,Sebastes chrysomelas
Rockfishes,"Rockfish, blackgill",Sebastes melanostomus,species,Sebastes melanostomus
Rockfishes,"Rockfish, blue",Sebastes mystinus,species,Sebastes mystinus
Rockfishes,"Rockfish, bocaccio",Sebastes paucispinis,species,Sebastes paucispinis
Rockfishes,"Rockfish, bronzespotted",Sebastes gilli,species,Sebastes gilli
Rockfishes,"Rockfish, brown",Sebastes auriculatus,species,Sebastes auriculatus
Rockfishes,"Rockfish, canary",Sebastes pinniger,species,Sebastes pinniger
Rockfishes,"Rockfish, chameleon",Sebastes phillipsi,species,Sebastes phillipsi
Rockfishes,"Rockfish, chilipepper",Sebastes goodei,species,Sebastes goodei
Rockfishes,"Rockfish, China",Sebastes nebulosus,species,Sebastes nebulosus
Rockfishes,"Rockfish, copper",Sebastes caurinus,species,Sebastes caurinus
Rockfishes,"Rockfish, copper (whitebelly)",Sebastes caurinus,species,Sebastes caurinus
Rockfishes,"Rockfish, cowcod",Sebastes levis,species,Sebastes levis
Rockfishes,"Rockfish, darkblotched",Sebastes crameri,species,Sebastes crameri
Rockfishes,"Rockfish, flag",Sebastes rubrivinctus,species,Sebastes rubrivinctus
Rockfishes,"Rockfish, gopher",Sebastes carnatus,species,Sebastes carnatus
Rockfishes,"Rockfish, grass",Sebastes rastrelliger,species,Sebastes rastrelliger
Rockfishes,"Rockfish, greenblotched",Sebastes rosenblatti,species,Sebastes rosenblatti
Rockfishes,"Rockfish, greenspotted",Sebastes chlorostictus,species,Sebastes chlorostictus
Rockfishes,"Rockfish, greenstriped",Sebastes elongatus,species,Sebastes elongatus
Rockfishes,"Rockfish, group black/blue",Sebastes/group,group,Sebastes/group
Rockfishes,"Rockfish, group bocaccio/chilipepper",Sebastes/group,group,Sebastes/group
Rockfishes,"Rockfish, group bolina",Sebastes/group,group,Sebastes/group
Rockfishes,"Rockfish, group canary/vermilion",Sebastes/group,group,Sebastes/group
Rockfishes,"Rockfish, group deepwater reds",Sebastes/group,group,Sebastes/group
Rockfishes,"Rockfish, group gopher",Sebastes/group,group,Sebastes/group
Rockfishes,"Rockfish, group nearshore",Sebastes/group,group,Sebastes/group
Rockfishes,"Rockfish, group red",Sebastes/group,group,Sebastes/group
Rockfishes,"Rockfish, group rosefish",Sebastes/group,group,Sebastes/group
Rockfishes,"Rockfish, group small",Sebastes/group,group,Sebastes/group
Rockfishes,"Rockfish, honeycomb",Sebastes umbrosus,species,Sebastes umbrosus
Rockfishes,"Rockfish, kelp",Sebastes atrovirens,species,Sebastes atrovirens
Rockfishes,"Rockfish, olive",Sebastes serranoides,species,Sebastes serranoides
Rockfishes,"Rockfish, Pacific ocean perch",Sebastes alutus,species,Sebastes alutus
Rockfishes,"Rockfish, pink",Sebastes eos,species,Sebastes eos
Rockfishes,"Rockfish, pinkrose",Sebastes simulator,species,Sebastes simulator
Rockfishes,"Rockfish, quillback",Sebastes maliger,species,Sebastes maliger
Rockfishes,"Rockfish, redbanded",Sebastes babcocki,species,Sebastes babcocki
Rockfishes,"Rockfish, rosethorn",Sebastes helvomaculatus,species,Sebastes helvomaculatus
Rockfishes,"Rockfish, rosy",Sebastes rosaceus,species,Sebastes rosaceus
Rockfishes,"Rockfish, shortbelly",Sebastes jordani,species,Sebastes jordani
Rockfishes,"Rockfish, speckled",Sebastes ovalis,species,Sebastes ovalis
Rockfishes,"Rockfish, splitnose",Sebastes diploproa,species,Sebastes diploproa
Rockfishes,"Rockfish, squarespot",Sebastes hopkinsi,species,Sebastes hopkinsi
Rockfishes,"Rockfish, starry",Sebastes constellatus,species,Sebastes constellatus
Rockfishes,"Rockfish, swordspine",Sebastes ensifer,species,Sebastes ensifer
Rockfishes,"Rockfish, treefish",Sebastes serriceps,species,Sebastes serriceps
Rockfishes,"Rockfish, unspecified",Sebastes spp.,group,Sebastes spp.
Rockfishes,"Rockfish, vermilion",Sebastes miniatus,species,Sebastes miniatus
Rockfishes,"Rockfish, widow",Sebastes entomelas,species,Sebastes entomelas
Rockfishes,"Rockfish, yelloweye",Sebastes ruberrimus,species,Sebastes ruberrimus
Rockfishes,"Rockfish, yellowtail",Sebastes flavidus,species,Sebastes flavidus